Food Safety Level 2,RSDYEU,https://www.startmycourse.com/enter/RSDYEU
Food Safety Level 2,4UAMB3,https://www.startmycourse.com/enter/4UAMB3
Food Safety Level 2,8MD3N8,https://www.startmycourse.com/enter/8MD3N8
Food Safety Level 2,6WQBBF,https://www.startmycourse.com/enter/6WQBBF
Food Safety Level 2,03MVJL,https://www.startmycourse.com/enter/03MVJL
Food Safety Level 2,N2XSJG,https://www.startmycourse.com/enter/N2XSJG
Food Safety Level 2,0F34J0,https://www.startmycourse.com/enter/0F34J0
Food Safety Level 2,H0ND6X,https://www.startmycourse.com/enter/H0ND6X
Food Safety Level 2,8U3YG1,https://www.startmycourse.com/enter/8U3YG1
Food Safety Level 2,1GL5U7,https://www.startmycourse.com/enter/1GL5U7
Food Safety Level 2,JCRL26,https://www.startmycourse.com/enter/JCRL26
Food Safety Level 2,DDUFYK,https://www.startmycourse.com/enter/DDUFYK
Food Safety Level 2,1A1BQR,https://www.startmycourse.com/enter/1A1BQR
Food Safety Level 2,SGM7WK,https://www.startmycourse.com/enter/SGM7WK
Food Safety Level 2,0HC8JD,https://www.startmycourse.com/enter/0HC8JD
Food Safety Level 2,NL7J8M,https://www.startmycourse.com/enter/NL7J8M
Food Safety Level 2,WK0W98,https://www.startmycourse.com/enter/WK0W98
Food Safety Level 2,X7UFDE,https://www.startmycourse.com/enter/X7UFDE
Food Safety Level 2,L43EPX,https://www.startmycourse.com/enter/L43EPX
Food Safety Level 2,S7B39V,https://www.startmycourse.com/enter/S7B39V
Food Safety Level 2,KQEYQJ,https://www.startmycourse.com/enter/KQEYQJ
Food Safety Level 2,VSZP6W,https://www.startmycourse.com/enter/VSZP6W
Food Safety Level 2,H18X8P,https://www.startmycourse.com/enter/H18X8P
Food Safety Level 2,M8XQJE,https://www.startmycourse.com/enter/M8XQJE
Food Safety Level 2,P1YYF8,https://www.startmycourse.com/enter/P1YYF8
Food Safety Level 2,WDUP14,https://www.startmycourse.com/enter/WDUP14
Food Safety Level 2,EQB6J4,https://www.startmycourse.com/enter/EQB6J4
Food Safety Level 2,SDMD84,https://www.startmycourse.com/enter/SDMD84
Food Safety Level 2,2LTTFB,https://www.startmycourse.com/enter/2LTTFB
Food Safety Level 2,FD82NL,https://www.startmycourse.com/enter/FD82NL
Food Safety Level 2,E1PYVQ,https://www.startmycourse.com/enter/E1PYVQ
Food Safety Level 2,L3PZDF,https://www.startmycourse.com/enter/L3PZDF
Food Safety Level 2,P5VPP0,https://www.startmycourse.com/enter/P5VPP0
Food Safety Level 2,SXDLMJ,https://www.startmycourse.com/enter/SXDLMJ
Food Safety Level 2,BVQVKU,https://www.startmycourse.com/enter/BVQVKU
Food Safety Level 2,4DG3LT,https://www.startmycourse.com/enter/4DG3LT
Food Safety Level 2,LUP3J4,https://www.startmycourse.com/enter/LUP3J4
Food Safety Level 2,031VJ6,https://www.startmycourse.com/enter/031VJ6
Food Safety Level 2,51M3EH,https://www.startmycourse.com/enter/51M3EH
Food Safety Level 2,RQAV03,https://www.startmycourse.com/enter/RQAV03
Food Safety Level 2,YXJYH8,https://www.startmycourse.com/enter/YXJYH8
Food Safety Level 2,HHRJ0C,https://www.startmycourse.com/enter/HHRJ0C
Food Safety Level 2,R9NZ7N,https://www.startmycourse.com/enter/R9NZ7N
Food Safety Level 2,3NUDYG,https://www.startmycourse.com/enter/3NUDYG
Food Safety Level 2,MRPSXB,https://www.startmycourse.com/enter/MRPSXB
Food Safety Level 2,2BCV1X,https://www.startmycourse.com/enter/2BCV1X
Food Safety Level 2,C6VUKS,https://www.startmycourse.com/enter/C6VUKS
Food Safety Level 2,6UMB62,https://www.startmycourse.com/enter/6UMB62
Food Safety Level 2,6777XC,https://www.startmycourse.com/enter/6777XC
Food Safety Level 2,NSJ8XN,https://www.startmycourse.com/enter/NSJ8XN
Food Safety - Level 1,49J3UL,https://www.startmycourse.com/enter/49J3UL
Food Safety - Level 1,ANCTWV,https://www.startmycourse.com/enter/ANCTWV
Food Safety - Level 1,103WJN,https://www.startmycourse.com/enter/103WJN
Food Safety - Level 1,NE3L75,https://www.startmycourse.com/enter/NE3L75
Food Safety - Level 1,0FVFCC,https://www.startmycourse.com/enter/0FVFCC
Food Safety - Level 1,8CTBMF,https://www.startmycourse.com/enter/8CTBMF
Food Safety - Level 1,8TJ9JB,https://www.startmycourse.com/enter/8TJ9JB
Food Safety - Level 1,HUM3Y1,https://www.startmycourse.com/enter/HUM3Y1
Food Safety - Level 1,QE1ZUE,https://www.startmycourse.com/enter/QE1ZUE
Food Safety - Level 1,3SGX8G,https://www.startmycourse.com/enter/3SGX8G
Food Safety - Level 1,U53J5X,https://www.startmycourse.com/enter/U53J5X
Food Safety - Level 1,5BS95Y,https://www.startmycourse.com/enter/5BS95Y
Food Safety - Level 1,AYR291,https://www.startmycourse.com/enter/AYR291
Food Safety - Level 1,606KWX,https://www.startmycourse.com/enter/606KWX
Food Safety - Level 1,TDUZYW,https://www.startmycourse.com/enter/TDUZYW
Food Safety - Level 1,W307FP,https://www.startmycourse.com/enter/W307FP
Food Safety - Level 1,Y3HK0R,https://www.startmycourse.com/enter/Y3HK0R
Food Safety - Level 1,2GNBTN,https://www.startmycourse.com/enter/2GNBTN
Food Safety - Level 1,VFDSUS,https://www.startmycourse.com/enter/VFDSUS
Food Safety - Level 1,35Z5GT,https://www.startmycourse.com/enter/35Z5GT
Food Safety - Level 1,S5Q3FD,https://www.startmycourse.com/enter/S5Q3FD
Food Safety - Level 1,MHL70B,https://www.startmycourse.com/enter/MHL70B
Food Safety - Level 1,4RG3UE,https://www.startmycourse.com/enter/4RG3UE
Food Safety - Level 1,H5EYML,https://www.startmycourse.com/enter/H5EYML
Food Safety - Level 1,YF411Z,https://www.startmycourse.com/enter/YF411Z
Food Safety - Level 1,XSFK2E,https://www.startmycourse.com/enter/XSFK2E
Food Safety - Level 1,G1ERJS,https://www.startmycourse.com/enter/G1ERJS
Food Safety - Level 1,RAUQ6L,https://www.startmycourse.com/enter/RAUQ6L
Food Safety - Level 1,3AXBC7,https://www.startmycourse.com/enter/3AXBC7
Food Safety - Level 1,8FMK4L,https://www.startmycourse.com/enter/8FMK4L
Food Safety - Level 1,09LXZ0,https://www.startmycourse.com/enter/09LXZ0
Food Safety - Level 1,XX6X15,https://www.startmycourse.com/enter/XX6X15
Food Safety - Level 1,BKVYUS,https://www.startmycourse.com/enter/BKVYUS
Food Safety - Level 1,KFQPHW,https://www.startmycourse.com/enter/KFQPHW
Food Safety - Level 1,UPHGPG,https://www.startmycourse.com/enter/UPHGPG
Food Safety - Level 1,VJZKEP,https://www.startmycourse.com/enter/VJZKEP
Food Safety - Level 1,Z9Y6GR,https://www.startmycourse.com/enter/Z9Y6GR
Food Safety - Level 1,8BW3KJ,https://www.startmycourse.com/enter/8BW3KJ
Food Safety - Level 1,PJ7LQ5,https://www.startmycourse.com/enter/PJ7LQ5
Food Safety - Level 1,NTVCBF,https://www.startmycourse.com/enter/NTVCBF
Food Safety - Level 1,2165RW,https://www.startmycourse.com/enter/2165RW
Food Safety - Level 1,PRHLS9,https://www.startmycourse.com/enter/PRHLS9
Food Safety - Level 1,H39HDM,https://www.startmycourse.com/enter/H39HDM
Food Safety - Level 1,ES8WY7,https://www.startmycourse.com/enter/ES8WY7
Food Safety - Level 1,80NLMA,https://www.startmycourse.com/enter/80NLMA
Food Safety - Level 1,HQ98AV,https://www.startmycourse.com/enter/HQ98AV
Food Safety - Level 1,KUY7MK,https://www.startmycourse.com/enter/KUY7MK
Food Safety - Level 1,G7CMXK,https://www.startmycourse.com/enter/G7CMXK
Food Safety - Level 1,R5LM03,https://www.startmycourse.com/enter/R5LM03
Food Safety - Level 1,2HEFSX,https://www.startmycourse.com/enter/2HEFSX
